{"global_step": 300, "_timestamp": 1669382831.0473568, "charts/final_reward": 0.0, "_runtime": 125.13074374198914, "_step": 271, "losses/td_loss": 5.9351630210876465, "charts/epslion": 0.4700999855995178, "_wandb": {"runtime": 125}}